,
,
,
As of:,"Sep 19, 2017"
,
,
Effective date ,S&P U.S. Treasury Bond Index
8/31/2007,306.89
9/4/2007,306.89
9/5/2007,308.16
9/6/2007,307.79
9/7/2007,309.65
9/10/2007,310.36
9/11/2007,309.83
9/12/2007,309.36
9/13/2007,308.43
9/14/2007,308.7
9/17/2007,308.72
9/18/2007,308.85
9/19/2007,308.32
9/20/2007,306.74
9/21/2007,307.27
9/24/2007,307.5
9/25/2007,307.76
9/26/2007,307.79
9/27/2007,308.42
9/28/2007,308.41
10/1/2007,308.62
10/2/2007,308.96
10/3/2007,308.81
10/4/2007,309.07
10/5/2007,307.61
10/8/2007,307.73
10/9/2007,307.6
10/10/2007,307.59
10/11/2007,307.46
10/12/2007,307.08
10/15/2007,307.31
10/16/2007,307.65
10/17/2007,309.2
10/18/2007,309.91
10/19/2007,311.18
10/22/2007,311.32
10/23/2007,311.26
10/24/2007,312.2
10/25/2007,312.03
10/26/2007,311.66
10/29/2007,311.83
10/30/2007,311.78
10/31/2007,310.65
11/1/2007,312.21
11/2/2007,313.31
11/5/2007,313.09
11/6/2007,312.68
11/7/2007,313.1
11/8/2007,313.95
11/9/2007,314.61
11/13/2007,314.16
11/14/2007,314.12
11/15/2007,315.71
11/16/2007,315.88
11/19/2007,317.01
11/20/2007,317.28
11/21/2007,318.05
11/23/2007,318.05
11/26/2007,320.29
11/27/2007,319.13
11/28/2007,318.01
11/29/2007,319.12
11/30/2007,318.8
12/3/2007,320.09
12/4/2007,320.2
12/5/2007,319.99
12/6/2007,318.78
12/7/2007,317.18
12/10/2007,316.9
12/11/2007,319.07
12/12/2007,317.97
12/13/2007,316.85
12/14/2007,315.97
12/17/2007,316.66
12/18/2007,317.69
12/19/2007,318.37
12/20/2007,319.06
12/21/2007,317.22
12/24/2007,316.72
12/26/2007,315.83
12/27/2007,316.9
12/28/2007,318.33
12/31/2007,319.24
1/2/2008,321.2
1/3/2008,321.23
1/4/2008,322
1/7/2008,322.28
1/8/2008,322.3
1/9/2008,323.04
1/10/2008,321.83
1/11/2008,322.97
1/14/2008,323.27
1/15/2008,324.31
1/16/2008,324.31
1/17/2008,325.3
1/18/2008,325.35
1/22/2008,327.79
1/23/2008,328.68
1/24/2008,325.72
1/25/2008,326.54
1/28/2008,326.67
1/29/2008,325.78
1/30/2008,324.86
1/31/2008,326.28
2/1/2008,326.96
2/4/2008,326.58
2/5/2008,327.57
2/6/2008,327.33
2/7/2008,325.91
2/8/2008,326.94
2/11/2008,327.46
2/12/2008,326.68
2/13/2008,326.67
2/14/2008,325.3
2/15/2008,325.76
2/19/2008,324.58
2/20/2008,324
2/21/2008,325.93
2/22/2008,325.73
2/25/2008,324.24
2/26/2008,324.82
2/27/2008,325.08
2/28/2008,326.91
2/29/2008,329.53
3/3/2008,329.72
3/4/2008,329.25
3/5/2008,327.86
3/6/2008,328.71
3/7/2008,329.71
3/10/2008,331.04
3/11/2008,328.64
3/12/2008,330.41
3/13/2008,330.02
3/14/2008,332.1
3/17/2008,333.48
3/18/2008,331.7
3/19/2008,332.94
3/20/2008,333.28
3/24/2008,330.55
3/25/2008,330.69
3/27/2008,330.34
3/28/2008,330.99
3/31/2008,331.63
4/1/2008,329.78
4/2/2008,329.18
4/3/2008,329.05
4/4/2008,330.48
4/7/2008,329.47
4/8/2008,329.54
4/9/2008,331.03
4/10/2008,330.25
4/11/2008,331.07
4/14/2008,330.83
4/15/2008,330.1
4/16/2008,328.06
4/17/2008,327.4
4/18/2008,327.03
4/21/2008,327.58
4/22/2008,327.39
4/23/2008,327.3
4/24/2008,325.9
4/25/2008,325.35
4/28/2008,325.93
4/29/2008,326.15
4/30/2008,327.02
5/1/2008,326.97
5/2/2008,325.75
5/5/2008,325.91
5/6/2008,325.44
5/7/2008,325.93
5/8/2008,326.95
5/9/2008,327.5
5/12/2008,327.36
5/13/2008,325.42
5/14/2008,324.9
5/15/2008,326.11
5/16/2008,326.04
5/19/2008,326.39
5/20/2008,327.4
5/21/2008,326.66
5/22/2008,325.17
5/23/2008,326.44
5/27/2008,325.26
5/28/2008,324.1
5/29/2008,323.24
5/30/2008,323.66
6/2/2008,324.97
6/3/2008,326.14
6/4/2008,325.54
6/5/2008,324.55
6/6/2008,325.77
6/9/2008,324.54
6/10/2008,322.87
6/11/2008,323.38
6/12/2008,321.55
6/13/2008,320.91
6/16/2008,321.24
6/17/2008,321.68
6/18/2008,322.77
6/19/2008,322.01
6/20/2008,323.08
6/23/2008,322.69
6/24/2008,323.67
6/25/2008,323.7
6/26/2008,325.15
6/27/2008,325.73
6/30/2008,326
7/1/2008,325.82
7/2/2008,326.53
7/3/2008,326.55
7/7/2008,327.41
7/8/2008,327.96
7/9/2008,328.52
7/10/2008,328.8
7/11/2008,326.75
7/14/2008,327.91
7/15/2008,328.46
7/16/2008,327.41
7/17/2008,325.99
7/18/2008,325.44
7/21/2008,325.61
7/22/2008,325.13
7/23/2008,324.43
7/24/2008,326.38
7/25/2008,325.17
7/28/2008,326.59
7/29/2008,326.3
7/30/2008,326.2
7/31/2008,327.23
8/1/2008,327.69
8/4/2008,327.48
8/5/2008,327.14
8/6/2008,326.6
8/7/2008,328.42
8/8/2008,328.15
8/11/2008,327.5
8/12/2008,328.75
8/13/2008,328.43
8/14/2008,329.08
8/15/2008,329.66
8/18/2008,330.32
8/19/2008,330.1
8/20/2008,330.78
8/21/2008,330.25
8/22/2008,329.7
8/25/2008,330.99
8/26/2008,330.92
8/27/2008,331.24
8/28/2008,330.95
8/29/2008,330.64
9/2/2008,331.92
9/3/2008,332.55
9/4/2008,333.24
9/5/2008,332.94
9/8/2008,332.88
9/9/2008,333.95
9/10/2008,333.41
9/11/2008,333.86
9/12/2008,332.45
9/15/2008,336.66
9/16/2008,336.36
9/17/2008,338.04
9/18/2008,337.71
9/19/2008,332.11
9/22/2008,331.68
9/23/2008,331.56
9/24/2008,332.92
9/25/2008,331.51
9/26/2008,332.33
9/29/2008,335.96
9/30/2008,332.68
10/1/2008,333.93
10/2/2008,335.92
10/3/2008,336.02
10/6/2008,339.48
10/7/2008,338.23
10/8/2008,335.46
10/9/2008,333.55
10/10/2008,334.19
10/14/2008,331.81
10/15/2008,332.27
10/16/2008,332.82
10/17/2008,332.34
10/20/2008,332.71
10/21/2008,334.97
10/22/2008,335.88
10/23/2008,337.29
10/24/2008,335.43
10/27/2008,335.01
10/28/2008,334.2
10/29/2008,333.57
10/30/2008,333.01
10/31/2008,332.6
11/3/2008,333.84
11/4/2008,335.51
11/5/2008,336.5
11/6/2008,336.55
11/7/2008,335.76
11/10/2008,336.59
11/12/2008,338.1
11/13/2008,337.02
11/14/2008,338.16
11/17/2008,338.9
11/18/2008,340.57
11/19/2008,342.46
11/20/2008,345.79
11/21/2008,345.18
11/24/2008,343.02
11/25/2008,345.68
11/26/2008,346.85
11/28/2008,347.61
12/1/2008,351.3
12/2/2008,351.64
12/3/2008,352.12
12/4/2008,353.66
12/5/2008,352.18
12/8/2008,351.48
12/9/2008,352.65
12/10/2008,352.43
12/11/2008,353.38
12/12/2008,353.99
12/15/2008,354.67
12/16/2008,357.15
12/17/2008,359.08
12/18/2008,360.79
12/19/2008,360.04
12/22/2008,359.61
12/23/2008,359.43
12/24/2008,358.96
12/26/2008,359.73
12/29/2008,360.22
12/30/2008,360.5
12/31/2008,358.2
1/2/2009,355.56
1/5/2009,354.45
1/6/2009,354.17
1/7/2009,354.43
1/8/2009,355
1/9/2009,355.48
1/12/2009,356.91
1/13/2009,356.82
1/14/2009,358.28
1/15/2009,358.36
1/16/2009,357.15
1/20/2009,356.67
1/21/2009,353.75
1/22/2009,352.71
1/23/2009,352.01
1/26/2009,351.62
1/27/2009,353.42
1/28/2009,351.3
1/29/2009,349.32
1/30/2009,348.94
2/2/2009,350.97
2/3/2009,349.09
2/4/2009,348.35
2/5/2009,348.77
2/6/2009,347.81
2/9/2009,347.38
2/10/2009,350.13
2/11/2009,350.94
2/12/2009,351.56
2/13/2009,348.9
2/17/2009,352.01
2/18/2009,350.82
2/19/2009,348.88
2/20/2009,350.22
2/23/2009,350.28
2/24/2009,350.04
2/25/2009,348.05
2/26/2009,347.69
2/27/2009,347.27
3/2/2009,349.24
3/3/2009,348.76
3/4/2009,347.84
3/5/2009,350.59
3/6/2009,350.36
3/9/2009,349.44
3/10/2009,348.01
3/11/2009,348.86
3/12/2009,349.44
3/13/2009,349.62
3/16/2009,348.75
3/17/2009,347.98
3/18/2009,354.1
3/19/2009,353.53
3/20/2009,353.28
3/23/2009,352.85
3/24/2009,353.16
3/25/2009,351.61
3/26/2009,352.57
3/27/2009,352.43
3/30/2009,353.2
3/31/2009,353.92
4/1/2009,354.53
4/2/2009,353.11
4/3/2009,350.71
4/6/2009,350.32
4/7/2009,350.84
4/8/2009,351.62
4/9/2009,350.43
4/13/2009,351.86
4/14/2009,352.65
4/15/2009,352.96
4/16/2009,351.91
4/17/2009,350.35
4/20/2009,351.84
4/21/2009,350.95
4/22/2009,349.99
4/23/2009,350.55
4/24/2009,349.6
4/27/2009,350.78
4/28/2009,349.51
4/29/2009,348.55
4/30/2009,348.38
5/1/2009,347.91
5/4/2009,348.17
5/5/2009,348.17
5/6/2009,348.17
5/7/2009,346.41
5/8/2009,346.47
5/11/2009,348.17
5/12/2009,348.39
5/13/2009,349.34
5/14/2009,349.45
5/15/2009,349.21
5/18/2009,347.92
5/19/2009,347.63
5/20/2009,348.48
5/21/2009,346.6
5/22/2009,345.44
5/26/2009,344.81
5/27/2009,342.64
5/28/2009,342.82
5/29/2009,345.24
6/1/2009,342.28
6/2/2009,343.05
6/3/2009,344.1
6/4/2009,342.17
6/5/2009,339.29
6/8/2009,338.89
6/9/2009,339.55
6/10/2009,338.54
6/11/2009,339.52
6/12/2009,340.42
6/15/2009,341.53
6/16/2009,342.09
6/17/2009,342.59
6/18/2009,340.15
6/19/2009,340.88
6/22/2009,342.45
6/23/2009,343.12
6/24/2009,342.54
6/25/2009,344.36
6/26/2009,344.95
6/29/2009,345.06
6/30/2009,344.77
7/1/2009,344.8
7/2/2009,345.73
7/6/2009,345.9
7/7/2009,346.45
7/8/2009,348.65
7/9/2009,346.88
7/10/2009,348.43
7/13/2009,347.9
7/14/2009,346.58
7/15/2009,344.43
7/16/2009,345.1
7/17/2009,343.99
7/20/2009,345.11
7/21/2009,346.57
7/22/2009,345.46
7/23/2009,343.3
7/24/2009,343.86
7/27/2009,343.36
7/28/2009,343.5
7/29/2009,343.57
7/30/2009,343.96
7/31/2009,345.98
8/3/2009,344.21
8/4/2009,343.76
8/5/2009,342.74
8/6/2009,343.18
8/7/2009,341.65
8/10/2009,343.03
8/11/2009,343.98
8/12/2009,343.88
8/13/2009,345.42
8/14/2009,346.01
8/17/2009,347.1
8/18/2009,346.59
8/19/2009,347.49
8/20/2009,347.87
8/21/2009,345.97
8/24/2009,347.08
8/25/2009,347.71
8/26/2009,348
8/27/2009,347.72
8/28/2009,348
8/31/2009,348.84
9/1/2009,349.36
9/2/2009,350.52
9/3/2009,350.08
9/4/2009,348.55
9/8/2009,348.35
9/9/2009,348.25
9/10/2009,350.22
9/11/2009,350.19
9/14/2009,349.46
9/15/2009,348.83
9/16/2009,348.42
9/17/2009,349.53
9/18/2009,348.44
9/21/2009,348.39
9/22/2009,348.9
9/23/2009,349.52
9/24/2009,350.01
9/25/2009,350.56
9/28/2009,351.14
9/29/2009,351.26
9/30/2009,351.26
10/1/2009,352.96
10/2/2009,352.56
10/5/2009,352.55
10/6/2009,352.18
10/7/2009,353.33
10/8/2009,352.13
10/9/2009,350.16
10/13/2009,351.51
10/14/2009,350.01
10/15/2009,349.35
10/16/2009,350.05
10/19/2009,350.4
10/20/2009,351.34
10/21/2009,350.2
10/22/2009,350.15
10/23/2009,349.3
10/26/2009,348.31
10/27/2009,349.83
10/28/2009,350.64
10/29/2009,349.35
10/30/2009,351.11
11/2/2009,350.84
11/3/2009,350.16
11/4/2009,349.31
11/5/2009,349.75
11/6/2009,350.25
11/9/2009,350.42
11/10/2009,350.41
11/12/2009,351.02
11/13/2009,351.26
11/16/2009,352.77
11/17/2009,352.96
11/18/2009,352.42
11/19/2009,352.85
11/20/2009,352.73
11/23/2009,352.77
11/24/2009,353.6
11/25/2009,354.12
11/27/2009,355.15
11/30/2009,355.52
12/1/2009,354.67
12/2/2009,354.04
12/3/2009,353.29
12/4/2009,351.58
12/7/2009,352.33
12/8/2009,353.22
12/9/2009,352.86
12/10/2009,351.98
12/11/2009,351.25
12/14/2009,351.13
12/15/2009,350.3
12/16/2009,350.5
12/17/2009,352.26
12/18/2009,351.41
12/21/2009,349.68
12/22/2009,348.92
12/23/2009,348.72
12/24/2009,347.76
12/28/2009,347.28
12/29/2009,347.7
12/30/2009,348.13
12/31/2009,347.23
1/4/2010,347.72
1/5/2010,348.63
1/6/2010,347.92
1/7/2010,347.81
1/8/2010,348.25
1/11/2010,348.21
1/12/2010,349.7
1/13/2010,348.75
1/14/2010,349.68
1/15/2010,350.51
1/19/2010,350.23
1/20/2010,350.81
1/21/2010,351.53
1/22/2010,351.76
1/25/2010,351.41
1/26/2010,351.59
1/27/2010,351.17
1/28/2010,351.27
1/29/2010,352.06
2/1/2010,351.39
2/2/2010,351.67
2/3/2010,350.9
2/4/2010,352.48
2/5/2010,353.01
2/8/2010,352.93
2/9/2010,352.01
2/10/2010,351.24
2/11/2010,351.07
2/12/2010,351.65
2/16/2010,351.98
2/17/2010,350.93
2/18/2010,350.33
2/19/2010,350.31
2/22/2010,350.29
2/23/2010,351.66
2/24/2010,351.76
2/25/2010,352.48
2/26/2010,352.88
3/1/2010,353.05
3/2/2010,353.15
3/3/2010,353.01
3/4/2010,353.1
3/5/2010,352.13
3/8/2010,351.85
3/9/2010,352.17
3/10/2010,351.78
3/11/2010,351.56
3/12/2010,351.82
3/15/2010,351.8
3/16/2010,352.6
3/17/2010,352.72
3/18/2010,352.21
3/19/2010,351.93
3/22/2010,352.34
3/23/2010,352.11
3/24/2010,350.19
3/25/2010,349.72
3/26/2010,350.2
3/29/2010,350.03
3/30/2010,350.18
3/31/2010,350.75
4/1/2010,350.4
4/2/2010,349.46
4/5/2010,349.49
4/6/2010,349.92
4/7/2010,351.09
4/8/2010,351
4/9/2010,351.11
4/12/2010,351.64
4/13/2010,351.9
4/14/2010,351.47
4/15/2010,351.85
4/16/2010,352.96
4/19/2010,352.49
4/20/2010,352.48
4/21/2010,353.04
4/22/2010,352.62
4/23/2010,352.08
4/26/2010,352.32
4/27/2010,354.13
4/28/2010,353.13
4/29/2010,353.53
4/30/2010,354.64
5/3/2010,354.13
5/4/2010,355.43
5/5/2010,356.24
5/6/2010,359.51
5/7/2010,357.9
5/10/2010,356.37
5/11/2010,356.6
5/12/2010,356.04
5/13/2010,356.61
5/14/2010,358.02
5/17/2010,357.64
5/18/2010,359.01
5/19/2010,359.02
5/20/2010,360.8
5/21/2010,360.72
5/24/2010,360.6
5/25/2010,361.04
5/26/2010,360.54
5/27/2010,358.67
5/28/2010,359.44
6/1/2010,360.22
6/2/2010,359.19
6/3/2010,358.81
6/4/2010,361.37
6/7/2010,362
6/8/2010,361.43
6/9/2010,361.5
6/10/2010,359.78
6/11/2010,361.03
6/14/2010,360.76
6/15/2010,360.22
6/16/2010,360.77
6/17/2010,361.58
6/18/2010,361.34
6/21/2010,361.17
6/22/2010,362.31
6/23/2010,363
6/24/2010,362.84
6/25/2010,363.27
6/28/2010,364.35
6/29/2010,365.18
6/30/2010,365.35
7/1/2010,365.24
7/2/2010,364.9
7/6/2010,365.58
7/7/2010,365.09
7/8/2010,364.58
7/9/2010,364.13
7/12/2010,364.22
7/13/2010,363.46
7/14/2010,364.55
7/15/2010,365.45
7/16/2010,366.36
7/19/2010,365.89
7/20/2010,366.15
7/21/2010,367.31
7/22/2010,366.54
7/23/2010,365.73
7/26/2010,365.59
7/27/2010,364.77
7/28/2010,365.69
7/29/2010,366.16
7/30/2010,367.44
8/2/2010,366.66
8/3/2010,367.66
8/4/2010,366.82
8/5/2010,367.53
8/6/2010,368.63
8/9/2010,368.34
8/10/2010,369.23
8/11/2010,370.06
8/12/2010,369.5
8/13/2010,370.28
8/16/2010,371.77
8/17/2010,371.12
8/18/2010,371.08
8/19/2010,372.04
8/20/2010,371.46
8/23/2010,371.78
8/24/2010,373.1
8/25/2010,372.45
8/26/2010,373.08
8/27/2010,370.92
8/30/2010,372.7
8/31/2010,373.33
9/1/2010,372.04
9/2/2010,371.41
9/3/2010,370.43
9/7/2010,371.95
9/8/2010,371.21
9/9/2010,369.66
9/10/2010,369.22
9/13/2010,370.09
9/14/2010,371.15
9/15/2010,370.49
9/16/2010,370.01
9/17/2010,370.33
9/20/2010,370.88
9/21/2010,372.46
9/22/2010,372.78
9/23/2010,373.02
9/24/2010,372.12
9/27/2010,373.48
9/28/2010,374.11
9/29/2010,373.76
9/30/2010,373.71
10/1/2010,373.71
10/4/2010,374.23
10/5/2010,374.28
10/6/2010,375.19
10/7/2010,375.28
10/8/2010,375.4
10/12/2010,374.78
10/13/2010,374.86
10/14/2010,373.78
10/15/2010,373.19
10/18/2010,374.09
10/19/2010,374.5
10/20/2010,374.61
10/21/2010,373.77
10/22/2010,373.85
10/25/2010,373.82
10/26/2010,372.51
10/27/2010,371.64
10/28/2010,372.68
10/29/2010,373.56
11/1/2010,373.47
11/2/2010,374.03
11/3/2010,374.11
11/4/2010,375.26
11/5/2010,374.18
11/8/2010,374.05
11/9/2010,372.23
11/10/2010,372.76
11/12/2010,371.16
11/15/2010,368.99
11/16/2010,370.34
11/17/2010,370.05
11/18/2010,369.78
11/19/2010,369.97
11/22/2010,370.97
11/23/2010,371.47
11/24/2010,369.49
11/26/2010,370.23
11/29/2010,370.72
11/30/2010,371.26
12/1/2010,368.87
12/2/2010,368.46
12/3/2010,368.72
12/6/2010,370.03
12/7/2010,367.28
12/8/2010,365.75
12/9/2010,365.66
12/10/2010,364.67
12/13/2010,365.39
12/14/2010,363.71
12/15/2010,362.94
12/16/2010,363.65
12/17/2010,365.2
12/20/2010,365.25
12/21/2010,365.43
12/22/2010,364.92
12/23/2010,364.45
12/27/2010,364.89
12/28/2010,363.11
12/29/2010,365.16
12/30/2010,364.89
12/31/2010,365.92
1/3/2011,365.45
1/4/2011,365.6
1/5/2011,363.69
1/6/2011,364.36
1/7/2011,365.63
1/10/2011,366.27
1/11/2011,365.67
1/12/2011,365.27
1/13/2011,366.3
1/14/2011,365.95
1/18/2011,365.54
1/19/2011,365.95
1/20/2011,364.59
1/21/2011,365.13
1/24/2011,365.14
1/25/2011,366.13
1/26/2011,365.11
1/27/2011,365.66
1/28/2011,366.62
1/31/2011,365.96
2/1/2011,365.12
2/2/2011,364.53
2/3/2011,363.57
2/4/2011,362.42
2/7/2011,362.33
2/8/2011,361.15
2/9/2011,361.98
2/10/2011,361.25
2/11/2011,362.08
2/14/2011,362.11
2/15/2011,362.49
2/16/2011,362.29
2/17/2011,362.98
2/18/2011,363.04
2/22/2011,364.74
2/23/2011,364.51
2/24/2011,364.84
2/25/2011,365.4
2/28/2011,365.66
3/1/2011,365.98
3/2/2011,364.95
3/3/2011,363.52
3/4/2011,364.91
3/7/2011,364.56
3/8/2011,364.14
3/9/2011,365.05
3/10/2011,366.57
3/11/2011,366.36
3/14/2011,366.84
3/15/2011,367.46
3/16/2011,368.98
3/17/2011,368.28
3/18/2011,368.1
3/21/2011,367.22
3/22/2011,367.19
3/23/2011,367.03
3/24/2011,366.14
3/25/2011,365.66
3/28/2011,365.56
3/29/2011,364.96
3/30/2011,365.62
3/31/2011,365.2
4/1/2011,365.52
4/4/2011,366.01
4/5/2011,365.16
4/6/2011,364.27
4/7/2011,364.56
4/8/2011,364.12
4/11/2011,364.19
4/12/2011,365.43
4/13/2011,365.99
4/14/2011,365.56
4/15/2011,366.88
4/18/2011,367.44
4/19/2011,367.66
4/20/2011,367.06
4/21/2011,366.91
4/25/2011,367.66
4/26/2011,368.47
4/27/2011,368.05
4/28/2011,368.79
4/29/2011,369.19
5/2/2011,369.28
5/3/2011,369.64
5/4/2011,370.02
5/5/2011,370.83
5/6/2011,370.9
5/9/2011,371.14
5/10/2011,370.3
5/11/2011,370.96
5/12/2011,370.6
5/13/2011,371.23
5/16/2011,371.74
5/17/2011,372.3
5/18/2011,371.27
5/19/2011,371.51
5/20/2011,371.82
5/23/2011,372.08
5/24/2011,372.31
5/25/2011,372.27
5/26/2011,373.3
5/27/2011,373.33
5/31/2011,373.64
6/1/2011,375.06
6/2/2011,373.83
6/3/2011,374.52
6/6/2011,374.36
6/7/2011,374.82
6/8/2011,375.4
6/9/2011,374.68
6/10/2011,375.18
6/13/2011,374.89
6/14/2011,373.43
6/15/2011,375.26
6/16/2011,375.7
6/17/2011,375.57
6/20/2011,375.48
6/21/2011,375.19
6/22/2011,375.24
6/23/2011,376.16
6/24/2011,376.7
6/27/2011,375.76
6/28/2011,374.19
6/29/2011,373.37
6/30/2011,372.79
7/1/2011,372.38
7/5/2011,373.52
7/6/2011,373.91
7/7/2011,373.12
7/8/2011,375.06
7/11/2011,376.4
7/12/2011,376.78
7/13/2011,377
7/14/2011,375.99
7/15/2011,376.6
7/18/2011,376.31
7/19/2011,377.14
7/20/2011,376.32
7/21/2011,375.45
7/22/2011,376.01
7/25/2011,375.4
7/26/2011,376.07
7/27/2011,375.75
7/28/2011,376.13
7/29/2011,378.34
8/1/2011,378.93
8/2/2011,380.9
8/3/2011,380.87
8/4/2011,383.43
8/5/2011,381.32
8/8/2011,383.76
8/9/2011,384.91
8/10/2011,387
8/11/2011,384.08
8/12/2011,385.37
8/15/2011,384.7
8/16/2011,385.74
8/17/2011,386.8
8/18/2011,387.81
8/19/2011,388.12
8/22/2011,387.84
8/23/2011,387.02
8/24/2011,385.05
8/25/2011,386.04
8/26/2011,386.82
8/29/2011,385.8
8/30/2011,386.98
8/31/2011,386.23
9/1/2011,387.57
9/2/2011,389.19
9/6/2011,389.6
9/7/2011,388.58
9/8/2011,389.34
9/9/2011,390.3
9/12/2011,389.77
9/13/2011,389.16
9/14/2011,389.34
9/15/2011,388.25
9/16/2011,388.69
9/19/2011,390.21
9/20/2011,390.44
9/21/2011,391.54
9/22/2011,393.66
9/23/2011,392.24
9/26/2011,391.11
9/27/2011,389.97
9/28/2011,389.94
9/29/2011,390
9/30/2011,391.49
10/3/2011,393.41
10/4/2011,392.48
10/5/2011,391.8
10/6/2011,390.4
10/7/2011,389.5
10/11/2011,388.16
10/12/2011,387.48
10/13/2011,388.25
10/14/2011,387.44
10/17/2011,388.6
10/18/2011,388.48
10/19/2011,388.63
10/20/2011,388.19
10/21/2011,387.73
10/24/2011,387.55
10/25/2011,389.48
10/26/2011,388.08
10/27/2011,385.66
10/28/2011,386.63
10/31/2011,389.49
11/1/2011,391.93
11/2/2011,391.37
11/3/2011,390.45
11/4/2011,390.8
11/7/2011,391.12
11/8/2011,390.21
11/9/2011,391.67
11/10/2011,390.76
11/14/2011,391.19
11/15/2011,391.01
11/16/2011,391.61
11/17/2011,392.11
11/18/2011,391.57
11/21/2011,392.04
11/22/2011,392.75
11/23/2011,393.46
11/25/2011,392.42
11/28/2011,392.38
11/29/2011,391.95
11/30/2011,390.9
12/1/2011,390.72
12/2/2011,391.7
12/5/2011,391.56
12/6/2011,391.04
12/7/2011,391.65
12/8/2011,392.61
12/9/2011,391.38
12/12/2011,392
12/13/2011,392.61
12/14/2011,393.51
12/15/2011,393.38
12/16/2011,394.24
12/19/2011,394.91
12/20/2011,393.28
12/21/2011,392.48
12/22/2011,392.73
12/23/2011,391.48
12/27/2011,391.75
12/28/2011,393.23
12/29/2011,393.39
12/30/2011,393.63
1/3/2012,392.55
1/4/2012,391.99
1/5/2012,391.96
1/6/2012,392.57
1/9/2012,392.64
1/10/2012,392.47
1/11/2012,393.42
1/12/2012,393.22
1/13/2012,394.02
1/17/2012,394.31
1/18/2012,393.62
1/19/2012,392.55
1/20/2012,391.83
1/23/2012,391.38
1/24/2012,391.53
1/25/2012,392.3
1/26/2012,393.24
1/27/2012,393.65
1/30/2012,394.31
1/31/2012,395.06
2/1/2012,394.42
2/2/2012,394.5
2/3/2012,393.05
2/6/2012,393.63
2/7/2012,392.59
2/8/2012,392.51
2/9/2012,391.96
2/10/2012,392.87
2/13/2012,392.77
2/14/2012,393.13
2/15/2012,393.23
2/16/2012,392.38
2/17/2012,392.29
2/21/2012,391.53
2/22/2012,392.38
2/23/2012,392.47
2/24/2012,392.63
2/27/2012,393.41
2/28/2012,393.35
2/29/2012,392.78
3/1/2012,392.15
3/2/2012,392.95
3/5/2012,392.49
3/6/2012,393.28
3/7/2012,392.88
3/8/2012,392.21
3/9/2012,392.15
3/12/2012,392.02
3/13/2012,390.68
3/14/2012,388.63
3/15/2012,388.7
3/16/2012,388.63
3/19/2012,387.74
3/20/2012,387.65
3/21/2012,388.66
3/22/2012,388.92
3/23/2012,389.58
3/26/2012,389.49
3/27/2012,390.31
3/28/2012,390.09
3/29/2012,390.72
3/30/2012,389.83
4/2/2012,390.3
4/3/2012,388.87
4/4/2012,389.84
4/5/2012,390.48
4/6/2012,392.18
4/9/2012,392.34
4/10/2012,393.31
4/11/2012,392.6
4/12/2012,392.31
4/13/2012,393.36
4/16/2012,393.35
4/17/2012,393.2
4/18/2012,393.45
4/19/2012,393.62
4/20/2012,393.63
4/23/2012,394.12
4/24/2012,393.67
4/25/2012,393.47
4/26/2012,393.97
4/27/2012,394.11
4/30/2012,394.19
5/1/2012,393.85
5/2/2012,394.22
5/3/2012,394.23
5/4/2012,394.88
5/7/2012,394.89
5/8/2012,395.25
5/9/2012,395.35
5/10/2012,395.13
5/11/2012,395.67
5/14/2012,396.47
5/15/2012,396.55
5/16/2012,396.6
5/17/2012,397.35
5/18/2012,397.31
5/21/2012,397.14
5/22/2012,396.59
5/23/2012,397.03
5/24/2012,396.68
5/25/2012,396.94
5/29/2012,396.88
5/30/2012,398.65
5/31/2012,399.38
6/1/2012,400.85
6/4/2012,400.01
6/5/2012,399.39
6/6/2012,398.11
6/7/2012,398.34
6/8/2012,398.39
6/11/2012,398.8
6/12/2012,397.89
6/13/2012,398.58
6/14/2012,398.34
6/15/2012,399.09
6/18/2012,399.19
6/19/2012,398.51
6/20/2012,398.29
6/21/2012,398.66
6/22/2012,397.91
6/25/2012,398.85
6/26/2012,398.53
6/27/2012,398.68
6/28/2012,399.09
6/29/2012,398.35
7/2/2012,399.21
7/3/2012,399.24
7/5/2012,399.14
7/6/2012,399.81
7/9/2012,400.34
7/10/2012,400.45
7/11/2012,400.39
7/12/2012,400.82
7/13/2012,400.79
7/16/2012,401.2
7/17/2012,400.72
7/18/2012,400.93
7/19/2012,400.78
7/20/2012,401.55
7/23/2012,401.88
7/24/2012,402.27
7/25/2012,402.39
7/26/2012,401.82
7/27/2012,400.51
7/30/2012,401.12
7/31/2012,401.37
8/1/2012,400.86
8/2/2012,401.31
8/3/2012,400.17
8/6/2012,400.33
8/7/2012,399.32
8/8/2012,398.97
8/9/2012,398.87
8/10/2012,399.33
8/13/2012,399.28
8/14/2012,398.34
8/15/2012,397.39
8/16/2012,396.87
8/17/2012,397.22
8/20/2012,397.35
8/21/2012,397.53
8/22/2012,398.97
8/23/2012,399.27
8/24/2012,399.13
8/27/2012,399.57
8/28/2012,399.74
8/29/2012,399.53
8/30/2012,400.02
8/31/2012,401.11
9/4/2012,400.94
9/5/2012,400.72
9/6/2012,399.54
9/7/2012,399.62
9/10/2012,399.71
9/11/2012,399.33
9/12/2012,398.61
9/13/2012,398.83
9/14/2012,397.17
9/17/2012,397.62
9/18/2012,398
9/19/2012,398.29
9/20/2012,398.4
9/21/2012,398.67
9/24/2012,399.09
9/25/2012,399.6
9/26/2012,400.31
9/27/2012,400.03
9/28/2012,400.3
10/1/2012,400.34
10/2/2012,400.34
10/3/2012,400.44
10/4/2012,399.74
10/5/2012,398.91
10/9/2012,399.18
10/10/2012,399.5
10/11/2012,399.73
10/12/2012,399.86
10/15/2012,399.79
10/16/2012,398.99
10/17/2012,397.94
10/18/2012,397.63
10/19/2012,398.36
10/22/2012,397.84
10/23/2012,398.67
10/24/2012,398.32
10/25/2012,397.63
10/26/2012,398.83
10/29/2012,399.04
10/31/2012,399.32
11/1/2012,399.06
11/2/2012,399.11
11/5/2012,399.53
11/6/2012,398.71
11/7/2012,400.13
11/8/2012,401.08
11/9/2012,401
11/13/2012,401.36
11/14/2012,401.41
11/15/2012,401.38
11/16/2012,401.44
11/19/2012,401.06
11/20/2012,400.34
11/21/2012,400.17
11/23/2012,400.11
11/26/2012,400.4
11/27/2012,400.76
11/28/2012,400.88
11/29/2012,401.01
11/30/2012,401.03
12/3/2012,401
12/4/2012,401.29
12/5/2012,401.42
12/6/2012,401.53
12/7/2012,401.02
12/10/2012,401.24
12/11/2012,400.82
12/12/2012,400.19
12/13/2012,399.93
12/14/2012,400.33
12/17/2012,399.41
12/18/2012,398.69
12/19/2012,398.95
12/20/2012,398.99
12/21/2012,399.52
12/24/2012,399.36
12/26/2012,399.54
12/27/2012,399.98
12/28/2012,400.28
12/31/2012,399.79
1/2/2013,398.81
1/3/2013,397.94
1/4/2013,398.06
1/7/2013,398.12
1/8/2013,398.59
1/9/2013,398.7
1/10/2013,398.38
1/11/2013,398.87
1/14/2013,398.8
1/15/2013,399.14
1/16/2013,399.32
1/17/2013,398.55
1/18/2013,399.02
1/22/2013,399.22
1/23/2013,399.25
1/24/2013,398.98
1/25/2013,397.87
1/28/2013,397.55
1/29/2013,397.32
1/30/2013,397.4
1/31/2013,397.59
2/1/2013,397.02
2/4/2013,397.92
2/5/2013,397.39
2/6/2013,397.89
2/7/2013,397.91
2/8/2013,398.04
2/11/2013,397.91
2/12/2013,397.67
2/13/2013,397.1
2/14/2013,397.77
2/15/2013,397.62
2/19/2013,397.35
2/20/2013,397.62
2/21/2013,398.02
2/22/2013,398.14
2/25/2013,399.45
2/26/2013,399.2
2/27/2013,399.11
2/28/2013,399.28
3/1/2013,399.65
3/4/2013,399.37
3/5/2013,399.14
3/6/2013,398.58
3/7/2013,397.98
3/8/2013,397.29
3/11/2013,397.3
3/12/2013,397.73
3/13/2013,397.64
3/14/2013,397.59
3/15/2013,398.12
3/18/2013,398.64
3/19/2013,399.09
3/20/2013,398.5
3/21/2013,398.89
3/22/2013,398.95
3/25/2013,399.02
3/26/2013,399.14
3/27/2013,399.8
3/28/2013,399.68
4/1/2013,399.92
4/2/2013,399.68
4/3/2013,400.34
4/4/2013,400.99
4/5/2013,401.73
4/8/2013,401.28
4/9/2013,401.26
4/10/2013,400.52
4/11/2013,400.68
4/12/2013,401.52
4/15/2013,401.93
4/16/2013,401.46
4/17/2013,401.78
4/18/2013,401.86
4/19/2013,401.73
4/22/2013,401.85
4/23/2013,401.71
4/24/2013,401.85
4/25/2013,401.69
4/26/2013,402.28
4/29/2013,402.22
4/30/2013,402.21
5/1/2013,402.78
5/2/2013,402.79
5/3/2013,401.34
5/6/2013,401.15
5/7/2013,400.93
5/8/2013,401.01
5/9/2013,400.96
5/10/2013,400.09
5/13/2013,399.72
5/14/2013,399.15
5/15/2013,399.51
5/16/2013,400.28
5/17/2013,399.47
5/20/2013,399.38
5/21/2013,399.79
5/22/2013,398.66
5/23/2013,398.84
5/24/2013,398.92
5/28/2013,397.03
5/29/2013,397.57
5/30/2013,397.54
5/31/2013,397.21
6/3/2013,397.49
6/4/2013,397.04
6/5/2013,397.77
6/6/2013,397.84
6/7/2013,396.62
6/10/2013,396.22
6/11/2013,396.62
6/12/2013,395.88
6/13/2013,397.05
6/14/2013,397.36
6/17/2013,397.06
6/18/2013,397.01
6/19/2013,395.1
6/20/2013,394.25
6/21/2013,392.66
6/24/2013,392.33
6/25/2013,392.07
6/26/2013,392.72
6/27/2013,393.59
6/28/2013,393.62
7/1/2013,393.82
7/2/2013,393.85
7/3/2013,393.51
7/5/2013,391.16
7/8/2013,392.02
7/9/2013,392.19
7/10/2013,391.71
7/11/2013,393.16
7/12/2013,392.97
7/15/2013,393.41
7/16/2013,393.61
7/17/2013,394.16
7/18/2013,393.52
7/19/2013,394.37
7/22/2013,394.42
7/23/2013,394.18
7/24/2013,393.27
7/25/2013,393.51
7/26/2013,393.77
7/29/2013,393.5
7/30/2013,393.41
7/31/2013,393.58
8/1/2013,392.18
8/2/2013,393.51
8/5/2013,393.08
8/6/2013,393.12
8/7/2013,393.57
8/8/2013,393.75
8/9/2013,393.85
8/12/2013,393.52
8/13/2013,392.3
8/14/2013,392.37
8/15/2013,391.58
8/16/2013,391.13
8/19/2013,390.56
8/20/2013,391.26
8/21/2013,390.29
8/22/2013,390.16
8/23/2013,390.96
8/26/2013,391.41
8/27/2013,392.25
8/28/2013,391.59
8/29/2013,391.89
8/30/2013,391.74
9/3/2013,390.83
9/4/2013,390.23
9/5/2013,388.93
9/6/2013,389.86
9/9/2013,390.25
9/10/2013,389.6
9/11/2013,390.37
9/12/2013,390.41
9/13/2013,390.62
9/16/2013,391.63
9/17/2013,391.41
9/18/2013,393.12
9/19/2013,392.67
9/20/2013,392.86
9/23/2013,393.29
9/24/2013,393.85
9/25/2013,394.21
9/26/2013,393.87
9/27/2013,394.19
9/30/2013,394.34
10/1/2013,393.98
10/2/2013,394.32
10/3/2013,394.41
10/4/2013,394.02
10/7/2013,394.16
10/8/2013,393.91
10/9/2013,393.69
10/10/2013,393.63
10/11/2013,393.78
10/15/2013,393.37
10/16/2013,394.16
10/17/2013,394.96
10/18/2013,395.03
10/21/2013,394.85
10/22/2013,395.78
10/23/2013,395.97
10/24/2013,395.73
10/25/2013,395.99
10/28/2013,395.87
10/29/2013,396.05
10/30/2013,395.73
10/31/2013,395.68
11/1/2013,394.95
11/4/2013,395.18
11/5/2013,394.58
11/6/2013,394.98
11/7/2013,395.44
11/8/2013,393.86
11/12/2013,393.61
11/13/2013,394.16
11/14/2013,394.88
11/15/2013,394.86
11/18/2013,395.36
11/19/2013,394.79
11/20/2013,394.12
11/21/2013,394.24
11/22/2013,394.62
11/25/2013,394.79
11/26/2013,395.12
11/27/2013,394.94
11/29/2013,394.89
12/2/2013,394.32
12/3/2013,394.58
12/4/2013,393.98
12/5/2013,393.63
12/6/2013,393.71
12/9/2013,393.8
12/10/2013,394.37
12/11/2013,393.85
12/12/2013,393.4
12/13/2013,393.56
12/16/2013,393.49
12/17/2013,393.92
12/18/2013,393.55
12/19/2013,392.97
12/20/2013,393.24
12/23/2013,392.86
12/24/2013,392.26
12/26/2013,392.12
12/27/2013,392.1
12/30/2013,392.54
12/31/2013,391.99
1/2/2014,392.46
1/3/2014,392.33
1/6/2014,392.72
1/7/2014,392.9
1/8/2014,392.15
1/9/2014,392.49
1/10/2014,393.82
1/13/2014,394.29
1/14/2014,393.7
1/15/2014,393.46
1/16/2014,393.93
1/17/2014,394.22
1/21/2014,394.08
1/22/2014,393.67
1/23/2014,394.81
1/24/2014,395.38
1/27/2014,394.92
1/28/2014,395.19
1/29/2014,395.89
1/30/2014,395.75
1/31/2014,396.3
2/3/2014,397.23
2/4/2014,396.72
2/5/2014,396.18
2/6/2014,395.85
2/7/2014,396.24
2/10/2014,396.32
2/11/2014,395.69
2/12/2014,395.26
2/13/2014,395.99
2/14/2014,395.92
2/18/2014,396.33
2/19/2014,396.01
2/20/2014,395.73
2/21/2014,395.97
2/24/2014,395.78
2/25/2014,396.37
2/26/2014,396.79
2/27/2014,397.09
2/28/2014,396.93
3/3/2014,397.63
3/4/2014,396.52
3/5/2014,396.62
3/6/2014,396.01
3/7/2014,395.29
3/10/2014,395.44
3/11/2014,395.59
3/12/2014,396.09
3/13/2014,397.05
3/14/2014,397.01
3/17/2014,396.43
3/18/2014,396.78
3/19/2014,395.23
3/20/2014,395.18
3/21/2014,395.5
3/24/2014,395.57
3/25/2014,395.48
3/26/2014,396.17
3/27/2014,396.29
3/28/2014,395.85
3/31/2014,395.96
4/1/2014,395.58
4/2/2014,394.96
4/3/2014,395.1
4/4/2014,396.01
4/7/2014,396.45
4/8/2014,396.63
4/9/2014,396.78
4/10/2014,397.44
4/11/2014,397.84
4/14/2014,397.48
4/15/2014,397.64
4/16/2014,397.38
4/17/2014,396.41
4/21/2014,396.55
4/22/2014,396.49
4/23/2014,396.91
4/24/2014,396.94
4/25/2014,397.15
4/28/2014,396.88
4/29/2014,396.94
4/30/2014,397.48
5/1/2014,397.96
5/2/2014,398.08
5/5/2014,398.1
5/6/2014,398.04
5/7/2014,398.18
5/8/2014,398.34
5/9/2014,398.26
5/12/2014,397.88
5/13/2014,398.46
5/14/2014,399.26
5/15/2014,399.76
5/16/2014,399.53
5/19/2014,399.38
5/20/2014,399.75
5/21/2014,399.43
5/22/2014,399.24
5/23/2014,399.51
5/27/2014,399.78
5/28/2014,400.63
5/29/2014,400.33
5/30/2014,400.15
6/2/2014,399.49
6/3/2014,398.74
6/4/2014,398.66
6/5/2014,398.91
6/6/2014,398.71
6/9/2014,398.42
6/10/2014,398.07
6/11/2014,398.26
6/12/2014,398.9
6/13/2014,398.57
6/16/2014,398.54
6/17/2014,397.89
6/18/2014,398.63
6/19/2014,398.26
6/20/2014,398.48
6/23/2014,398.32
6/24/2014,398.92
6/25/2014,399.16
6/26/2014,399.63
6/27/2014,399.64
6/30/2014,399.81
7/1/2014,399.28
7/2/2014,398.53
7/3/2014,398.22
7/7/2014,398.45
7/8/2014,399.1
7/9/2014,399.27
7/10/2014,399.57
7/11/2014,399.91
7/14/2014,399.54
7/15/2014,399.3
7/16/2014,399.43
7/17/2014,400.41
7/18/2014,400.02
7/21/2014,400.08
7/22/2014,400.33
7/23/2014,400.36
7/24/2014,399.69
7/25/2014,400.27
7/28/2014,400.07
7/29/2014,400.29
7/30/2014,399.27
7/31/2014,399.28
8/1/2014,400.34
8/4/2014,400.39
8/5/2014,400.45
8/6/2014,400.6
8/7/2014,401.28
8/8/2014,401.12
8/11/2014,401.09
8/12/2014,400.85
8/13/2014,401.41
8/14/2014,401.77
8/15/2014,402.37
8/18/2014,401.81
8/19/2014,401.65
8/20/2014,401.1
8/21/2014,401.4
8/22/2014,401.41
8/25/2014,401.48
8/26/2014,401.51
8/27/2014,401.95
8/28/2014,402.33
8/29/2014,402.37
9/2/2014,401.34
9/3/2014,401.59
9/4/2014,400.97
9/5/2014,401.11
9/8/2014,400.87
9/9/2014,400.51
9/10/2014,400.09
9/11/2014,399.95
9/12/2014,399.39
9/15/2014,399.7
9/16/2014,399.68
9/17/2014,399.18
9/18/2014,399.17
9/19/2014,399.75
9/22/2014,400.16
9/23/2014,400.49
9/24/2014,400.08
9/25/2014,400.92
9/26/2014,400.55
9/29/2014,401.06
9/30/2014,400.81
10/1/2014,402.34
10/2/2014,401.82
10/3/2014,401.71
10/6/2014,402.06
10/7/2014,403.1
10/8/2014,403.83
10/9/2014,403.51
10/10/2014,404.14
10/14/2014,405.44
10/15/2014,406.55
10/16/2014,406.05
10/17/2014,405.48
10/20/2014,405.82
10/21/2014,405.39
10/22/2014,405.32
10/23/2014,404.57
10/24/2014,404.67
10/27/2014,404.84
10/28/2014,404.43
10/29/2014,403.8
10/30/2014,403.98
10/31/2014,403.65
11/3/2014,403.55
11/4/2014,403.66
11/5/2014,403.65
11/6/2014,403.1
11/7/2014,404.19
11/10/2014,403.45
11/12/2014,403.42
11/13/2014,403.72
11/14/2014,404.1
11/17/2014,403.92
11/18/2014,404.13
11/19/2014,403.68
11/20/2014,404.01
11/21/2014,404.42
11/24/2014,404.56
11/25/2014,405.08
11/26/2014,405.38
11/28/2014,406.38
12/1/2014,405.79
12/2/2014,404.85
12/3/2014,404.85
12/4/2014,405.41
12/5/2014,404.28
12/8/2014,404.84
12/9/2014,405.42
12/10/2014,405.83
12/11/2014,405.96
12/12/2014,407.34
12/15/2014,406.79
12/16/2014,407.66
12/17/2014,406.51
12/18/2014,405.49
12/19/2014,405.96
12/22/2014,405.99
12/23/2014,404.58
12/24/2014,404.72
12/26/2014,404.94
12/29/2014,405.58
12/30/2014,405.95
12/31/2014,406.3
1/2/2015,407.08
1/5/2015,408.1
1/6/2015,409.44
1/7/2015,409.51
1/8/2015,408.82
1/9/2015,409.76
1/12/2015,410.47
1/13/2015,410.7
1/14/2015,411.51
1/15/2015,413.2
1/16/2015,411.81
1/20/2015,412.33
1/21/2015,411.52
1/22/2015,411.02
1/23/2015,412.15
1/26/2015,411.74
1/27/2015,412
1/28/2015,413.37
1/29/2015,412.85
1/30/2015,414.51
2/2/2015,414.2
2/3/2015,412.52
2/4/2015,412.79
2/5/2015,412.07
2/6/2015,409.72
2/9/2015,409.59
2/10/2015,409.08
2/11/2015,409.05
2/12/2015,409.18
2/13/2015,408.56
2/17/2015,407.32
2/18/2015,408.2
2/19/2015,407.73
2/20/2015,407.6
2/23/2015,408.48
2/24/2015,409.75
2/25/2015,410.04
2/26/2015,408.81
2/27/2015,409.51
3/2/2015,408.13
3/3/2015,407.7
3/4/2015,407.91
3/5/2015,408.04
3/6/2015,406.01
3/9/2015,406.82
3/10/2015,407.72
3/11/2015,408.09
3/12/2015,408.26
3/13/2015,408.08
3/16/2015,408.72
3/17/2015,409.08
3/18/2015,411.41
3/19/2015,410.45
3/20/2015,411.26
3/23/2015,411.41
3/24/2015,412.08
3/25/2015,411.36
3/26/2015,410.24
3/27/2015,411.09
3/30/2015,411.04
3/31/2015,411.52
4/1/2015,412.54
4/2/2015,411.85
4/3/2015,413.1
4/6/2015,412.15
4/7/2015,412.34
4/8/2015,412.2
4/9/2015,411.28
4/10/2015,411.27
4/13/2015,411.62
4/14/2015,412.2
4/15/2015,412.34
4/16/2015,412.39
4/17/2015,412.78
4/20/2015,412.29
4/21/2015,412
4/22/2015,410.78
4/23/2015,411.33
4/24/2015,412.02
4/27/2015,411.85
4/28/2015,410.82
4/29/2015,410.11
4/30/2015,410.15
5/1/2015,409
5/4/2015,408.57
5/5/2015,408.22
5/6/2015,407.2
5/7/2015,407.9
5/8/2015,408.78
5/11/2015,406.88
5/12/2015,407.09
5/13/2015,406.89
5/14/2015,407.54
5/15/2015,408.81
5/18/2015,407.56
5/19/2015,406.59
5/20/2015,407.03
5/21/2015,408.05
5/22/2015,407.63
5/26/2015,408.7
5/27/2015,408.78
5/28/2015,408.93
5/29/2015,409.22
6/1/2015,408.24
6/2/2015,407.15
6/3/2015,405.75
6/4/2015,406.64
6/5/2015,405.33
6/8/2015,405.61
6/9/2015,404.95
6/10/2015,404.24
6/11/2015,405.61
6/12/2015,405.59
6/15/2015,405.98
6/16/2015,406.63
6/17/2015,406.74
6/18/2015,406.59
6/19/2015,407.57
6/22/2015,405.96
6/23/2015,405.46
6/24/2015,406
6/25/2015,405.65
6/26/2015,404.86
6/29/2015,407.07
6/30/2015,406.65
7/1/2015,405.52
7/2/2015,406.31
7/6/2015,407.73
7/7/2015,408.36
7/8/2015,409.16
7/9/2015,407.68
7/10/2015,406.25
7/13/2015,405.71
7/14/2015,406.32
7/15/2015,407.07
7/16/2015,407.15
7/17/2015,407.19
7/20/2015,406.7
7/21/2015,407.25
7/22/2015,407.43
7/23/2015,408.3
7/24/2015,408.57
7/27/2015,409.3
7/28/2015,408.73
7/29/2015,408.37
7/30/2015,408.6
7/31/2015,409.76
8/3/2015,410.43
8/4/2015,409.22
8/5/2015,408.55
8/6/2015,409.25
8/7/2015,410
8/10/2015,409.2
8/11/2015,410.69
8/12/2015,410.54
8/13/2015,409.9
8/14/2015,409.79
8/17/2015,410.23
8/18/2015,409.8
8/19/2015,411.01
8/20/2015,411.58
8/21/2015,412.25
8/24/2015,412.7
8/25/2015,411.47
8/26/2015,410.1
8/27/2015,410.08
8/28/2015,409.98
8/31/2015,409.43
9/1/2015,410.2
9/2/2015,409.71
9/3/2015,410.22
9/4/2015,410.82
9/8/2015,409.71
9/9/2015,409.95
9/10/2015,409.54
9/11/2015,410.18
9/14/2015,410.31
9/15/2015,408.52
9/16/2015,408.34
9/17/2015,410.21
9/18/2015,411.19
9/21/2015,410.04
9/22/2015,411.12
9/23/2015,411
9/24/2015,411.48
9/25/2015,410.9
9/28/2015,412.14
9/29/2015,412.7
9/30/2015,412.66
10/1/2015,412.87
10/2/2015,413.97
10/5/2015,412.87
10/6/2015,413.2
10/7/2015,412.68
10/8/2015,412.11
10/9/2015,412.14
10/13/2015,413.1
10/14/2015,414.2
10/15/2015,413.53
10/16/2015,413.37
10/19/2015,413.31
10/20/2015,412.59
10/21/2015,413.3
10/22/2015,413.55
10/23/2015,412.51
10/26/2015,412.98
10/27/2015,413.42
10/28/2015,412.31
10/29/2015,411.22
10/30/2015,411.57
11/2/2015,411
11/3/2015,410.38
11/4/2015,409.99
11/5/2015,409.79
11/6/2015,408.32
11/9/2015,407.96
11/10/2015,408.41
11/12/2015,408.53
11/13/2015,409.27
11/16/2015,409.39
11/17/2015,409.39
11/18/2015,409.29
11/19/2015,409.75
11/20/2015,409.48
11/23/2015,409.65
11/24/2015,409.83
11/25/2015,409.92
11/27/2015,410.11
11/30/2015,410.21
12/1/2015,411.31
12/2/2015,410.9
12/3/2015,408.8
12/4/2015,409.49
12/7/2015,410.18
12/8/2015,410.26
12/9/2015,410.46
12/10/2015,410.17
12/11/2015,411.88
12/14/2015,410.46
12/15/2015,409.77
12/16/2015,409.25
12/17/2015,410.09
12/18/2015,410.86
12/21/2015,410.9
12/22/2015,410.25
12/23/2015,409.73
12/24/2015,410.06
12/28/2015,410.22
12/29/2015,408.88
12/30/2015,408.96
12/31/2015,409.58
1/4/2016,410.23
1/5/2016,410.03
1/6/2016,411.3
1/7/2016,411.78
1/8/2016,412.42
1/11/2016,411.74
1/12/2016,412.71
1/13/2016,413.66
1/14/2016,413.17
1/15/2016,414.57
1/19/2016,414.2
1/20/2016,415.3
1/21/2016,414.82
1/22/2016,414.28
1/25/2016,414.8
1/26/2016,415.02
1/27/2016,415.18
1/28/2016,415.48
1/29/2016,416.54
2/1/2016,416.05
2/2/2016,417.81
2/3/2016,417.53
2/4/2016,418.01
2/5/2016,418.08
2/8/2016,419.94
2/9/2016,420
2/10/2016,420.68
2/11/2016,421.4
2/12/2016,419.81
2/16/2016,419.05
2/17/2016,418.44
2/18/2016,419.57
2/19/2016,419.44
2/22/2016,419.25
2/23/2016,419.7
2/24/2016,419.66
2/25/2016,420.27
2/26/2016,419.1
2/29/2016,419.38
3/1/2016,417.66
3/2/2016,417.6
3/3/2016,417.82
3/4/2016,417.12
3/7/2016,416.73
3/8/2016,418.02
3/9/2016,417.25
3/10/2016,416.5
3/11/2016,415.68
3/14/2016,415.89
3/15/2016,415.88
3/16/2016,417.11
3/17/2016,417.38
3/18/2016,417.92
3/21/2016,417.18
3/22/2016,416.86
3/23/2016,417.96
3/24/2016,417.68
3/28/2016,417.97
3/29/2016,419.51
3/30/2016,419.27
3/31/2016,420.02
4/1/2016,420.02
4/4/2016,420.23
4/5/2016,421.21
4/6/2016,420.6
4/7/2016,421.87
4/8/2016,421.42
4/11/2016,421.35
4/12/2016,420.49
4/13/2016,420.6
4/14/2016,420.07
4/15/2016,420.93
4/18/2016,420.6
4/19/2016,420.2
4/20/2016,419.17
4/21/2016,418.65
4/22/2016,418.44
4/25/2016,418.08
4/26/2016,417.56
4/27/2016,418.71
4/28/2016,419.43
4/29/2016,419.59
5/2/2016,418.81
5/3/2016,420.1
5/4/2016,420.62
5/5/2016,421.24
5/6/2016,420.76
5/9/2016,421.27
5/10/2016,421.23
5/11/2016,421.54
5/12/2016,420.96
5/13/2016,421.75
5/16/2016,420.84
5/17/2016,420.61
5/18/2016,418.78
5/19/2016,419.18
5/20/2016,419.31
5/23/2016,419.38
5/24/2016,418.9
5/25/2016,418.71
5/26/2016,419.54
5/27/2016,419.13
5/31/2016,419.39
6/1/2016,419.43
6/2/2016,420.15
6/3/2016,422.26
6/6/2016,421.66
6/7/2016,422.03
6/8/2016,422.31
6/9/2016,422.81
6/10/2016,423.52
6/13/2016,424.15
6/14/2016,424.04
6/15/2016,424.82
6/16/2016,425.04
6/17/2016,424.5
6/20/2016,423.35
6/21/2016,422.89
6/22/2016,423.19
6/23/2016,422.08
6/24/2016,425.18
6/27/2016,427.42
6/28/2016,427.47
6/29/2016,426.59
6/30/2016,427.11
7/1/2016,427.79
7/5/2016,429.9
7/6/2016,429.45
7/7/2016,429.59
7/8/2016,429.95
7/11/2016,428.73
7/12/2016,427.19
7/13/2016,428.12
7/14/2016,426.87
7/15/2016,425.67
7/18/2016,425.87
7/19/2016,426.4
7/20/2016,425.88
7/21/2016,426.19
7/22/2016,426.14
7/25/2016,426.04
7/26/2016,426.18
7/27/2016,427.28
7/28/2016,427.35
7/29/2016,428.52
8/1/2016,427.73
8/2/2016,426.95
8/3/2016,426.9
8/4/2016,427.78
8/5/2016,426.05
8/8/2016,426.13
8/9/2016,426.92
8/10/2016,427.69
8/11/2016,426.17
8/12/2016,427.32
8/15/2016,426.58
8/16/2016,426.04
8/17/2016,426.43
8/18/2016,427
8/19/2016,426.11
8/22/2016,427.05
8/23/2016,426.93
8/24/2016,426.85
8/25/2016,426.39
8/26/2016,425.1
8/29/2016,426.68
8/30/2016,426.44
8/31/2016,426.53
9/1/2016,426.55
9/2/2016,425.94
9/6/2016,427.17
9/7/2016,427.19
9/8/2016,425.48
9/9/2016,424.3
9/12/2016,424.52
9/13/2016,423.48
9/14/2016,423.93
9/15/2016,423.87
9/16/2016,424.24
9/19/2016,423.9
9/20/2016,424.23
9/21/2016,424.84
9/22/2016,425.55
9/23/2016,425.63
9/26/2016,426.45
9/27/2016,427.03
9/28/2016,426.83
9/29/2016,427.15
9/30/2016,426.24
10/3/2016,425.73
10/4/2016,424.49
10/5/2016,423.96
10/6/2016,423.3
10/7/2016,423.52
10/11/2016,422.67
10/12/2016,422.75
10/13/2016,423.31
10/14/2016,422.25
10/17/2016,423.04
10/18/2016,423.41
10/19/2016,423.54
10/20/2016,423.45
10/21/2016,423.61
10/24/2016,423.18
10/25/2016,423.29
10/26/2016,422.69
10/27/2016,421.68
10/28/2016,421.68
10/31/2016,422.24
11/1/2016,422.34
11/2/2016,422.98
11/3/2016,422.57
11/4/2016,423.42
11/7/2016,422.38
11/8/2016,421.55
11/9/2016,417.52
11/10/2016,416.05
11/14/2016,414.31
11/15/2016,414.42
11/16/2016,414.96
11/17/2016,413.73
11/18/2016,412.94
11/21/2016,413.16
11/22/2016,413.27
11/23/2016,412.47
11/25/2016,412.64
11/28/2016,413.44
11/29/2016,413.73
11/30/2016,412.24
12/1/2016,411.25
12/2/2016,412.21
12/5/2016,412.13
12/6/2016,412.24
12/7/2016,413.07
12/8/2016,412.15
12/9/2016,410.9
12/12/2016,411.03
12/13/2016,411.12
12/14/2016,409.2
12/15/2016,408.94
12/16/2016,409.12
12/19/2016,410.27
12/20/2016,409.83
12/21/2016,410.31
12/22/2016,410.16
12/23/2016,410.31
12/27/2016,409.96
12/28/2016,410.85
12/29/2016,411.58
12/30/2016,412.06
1/3/2017,412.17
1/4/2017,412.47
1/5/2017,414.14
1/6/2017,412.91
1/9/2017,413.91
1/10/2017,413.85
1/11/2017,414.11
1/12/2017,414.18
1/13/2017,413.55
1/17/2017,414.92
1/18/2017,413.15
1/19/2017,412.45
1/20/2017,412.61
1/23/2017,413.92
1/24/2017,412.96
1/25/2017,411.76
1/26/2017,412.2
1/27/2017,412.5
1/30/2017,412.38
1/31/2017,413.13
2/1/2017,412.61
2/2/2017,412.66
2/3/2017,412.71
2/6/2017,413.82
2/7/2017,414.28
2/8/2017,415.49
2/9/2017,414.16
2/10/2017,414
2/13/2017,413.62
2/14/2017,412.66
2/15/2017,412.07
2/16/2017,413.06
2/17/2017,413.73
2/21/2017,413.59
2/22/2017,413.94
2/23/2017,414.5
2/24/2017,415.7
2/27/2017,414.81
2/28/2017,414.81
3/1/2017,412.82
3/2/2017,412.25
3/3/2017,412.5
3/6/2017,412.31
3/7/2017,411.84
3/8/2017,411.1
3/9/2017,410.33
3/10/2017,410.76
3/13/2017,410.17
3/14/2017,410.54
3/15/2017,412.41
3/16/2017,411.82
3/17/2017,412.44
3/20/2017,413.11
3/21/2017,414.02
3/22/2017,414.41
3/23/2017,414.22
3/24/2017,414.42
3/27/2017,415.03
3/28/2017,414.19
3/29/2017,414.97
3/30/2017,414.21
3/31/2017,414.69
4/3/2017,415.96
4/4/2017,415.46
4/5/2017,415.98
4/6/2017,415.81
4/7/2017,414.96
4/10/2017,415.47
4/11/2017,416.72
4/12/2017,417.46
4/13/2017,418.02
4/17/2017,417.72
4/18/2017,419.28
4/19/2017,418.58
4/20/2017,418.08
4/21/2017,418.2
4/24/2017,417.57
4/25/2017,416.24
4/26/2017,416.88
4/27/2017,417.05
4/28/2017,417.24
5/1/2017,416.5
5/2/2017,417.11
5/3/2017,416.72
5/4/2017,416.16
5/5/2017,416.23
5/8/2017,415.64
5/9/2017,415.48
5/10/2017,415.35
5/11/2017,415.52
5/12/2017,416.7
5/15/2017,416.46
5/16/2017,416.8
5/17/2017,418.78
5/18/2017,418.65
5/19/2017,418.68
5/22/2017,418.46
5/23/2017,417.66
5/24/2017,418.36
5/25/2017,418.4
5/26/2017,418.52
5/30/2017,419.18
5/31/2017,419.39
6/1/2017,419.29
6/2/2017,420.5
6/5/2017,419.9
6/6/2017,420.64
6/7/2017,420.04
6/8/2017,419.7
6/9/2017,419.4
6/12/2017,419.4
6/13/2017,419.41
6/14/2017,420.93
6/15/2017,420.52
6/16/2017,420.8
6/19/2017,420.25
6/20/2017,421.08
6/21/2017,421.18
6/22/2017,421.45
6/23/2017,421.47
6/26/2017,421.81
6/27/2017,420.56
6/28/2017,420.47
6/29/2017,419.61
6/30/2017,419.09
7/3/2017,418.31
7/5/2017,418.59
7/6/2017,417.95
7/7/2017,417.54
7/10/2017,417.86
7/11/2017,418.2
7/12/2017,419.03
7/13/2017,418.48
7/14/2017,418.8
7/17/2017,419.13
7/18/2017,420.06
7/19/2017,420.02
7/20/2017,420.21
7/21/2017,420.73
7/24/2017,420.36
7/25/2017,418.91
7/26/2017,419.61
7/27/2017,419.18
7/28/2017,419.73
7/31/2017,419.81
8/1/2017,420.56
8/2/2017,420.42
8/3/2017,421.48
8/4/2017,420.55
8/7/2017,420.74
8/8/2017,420.47
8/9/2017,420.99
8/10/2017,421.94
8/11/2017,422.26
8/14/2017,421.65
8/15/2017,420.93
8/16/2017,421.45
8/17/2017,422.37
8/18/2017,422.29
8/21/2017,422.61
8/22/2017,422.05
8/23/2017,422.95
8/24/2017,422.41
8/25/2017,422.8
8/28/2017,423.01
8/29/2017,423.56
8/30/2017,423.34
8/31/2017,423.73
9/1/2017,422.85
9/5/2017,424.87
9/6/2017,424.12
9/7/2017,425.39
9/8/2017,425.17
9/11/2017,423.7
9/12/2017,423.03
9/13/2017,422.55
9/14/2017,422.7
9/15/2017,422.51
9/18/2017,422.03
9/19/2017,421.76
,
,
,
"Source: S&P Dow Jones Indices LLC, a division of S&P Global.

 The launch date of the S&P U.S. Treasury Bond Index was March 24, 2010.

All information presented prior to the index launch date is back-tested. Back-tested performance is not actual performance, but is hypothetical. The back-test calculations are based on the same methodology that was in effect when the index was officially launched. Past performance is not an indication or guarantee of future results.  Please see the Performance Disclosure at http://www.spindices.com/regulatory-affairs-disclaimers/ for more information regarding the inherent limitations associated with back-tested performance.

Copyright © 2017 S&P Dow Jones Indices LLC, a division of S&P Global. All rights reserved. Redistribution or reproduction in whole or in part are prohibited without written permission. STANDARD & POOR’S and S&P are registered trademarks of Standard & Poor’s Financial Services LLC, a division of S&P Global (“S&P”); DOW JONES is a registered trademark of Dow Jones Trademark Holdings LLC (“Dow Jones”); and these trademarks have been licensed for use by S&P Dow Jones Indices LLC. S&P Dow Jones Indices LLC, Dow Jones, S&P and their respective affiliates (“S&P Dow Jones Indices”) and third party licensors makes no representation or warranty, express or implied, as to the ability of any index to accurately represent the asset class or market sector that it purports to represent and S&P Dow Jones Indices and its third party licensors shall have no liability for any errors, omissions, or interruptions of any index or the data included therein. Past performance of an index is not an indication or guarantee of future results. This document does not constitute an offer of any services. Except for certain custom index calculation services, all information provided by S&P Dow Jones Indices is general in nature and not tailored to the needs of any person, entity or group of persons. S&P Dow Jones Indices receives compensation in connection with licensing its indices to third parties and providing custom calculation services. It is not possible to invest directly in an index. Exposure to an asset class represented by an index may be available through investable instruments offered by third parties that are based on that index. S&P Dow Jones Indices does not sponsor, endorse, sell, promote or manage any investment fund or other investment product or vehicle that seeks to provide an investment return based on the performance of any Index. S&P Dow Jones Indices LLC is not an investment or tax advisor. S&P Dow Jones Indices makes no representation regarding the advisability of investing in any such investment fund or other investment product or vehicle. A tax advisor should be consulted to evaluate the impact of any tax-exempt securities on portfolios and the tax consequences of making any particular investment decision. Credit-related information and other analyses, including ratings, are generally provided by licensors and/or affiliates of S&P Dow Jones Indices. Any credit-related information and other related analyses and statements are opinions as of the date they are expressed and are not statements of fact. S&P Dow Jones Indices LLC is analytically separate and independent from any other analytical department. For more information on any of our indices please visit www.spdji.com.",
